USERNAME_,PASSWORD_, NAMESURNAME, EMAIL, GENDER, BIRTHDATE, COUNTRYID, CITYID, CREATEDDATE
jane_smith,pass456,Jane Smith,jane@example.com,F,8/20/1985,16,78,5/2/2024 10:30
mike_jones,mikepass,Mike Jones,mike@example.com,M,12/10/1978,4,18,5/3/2024 15:45
sara_miller,sara123,Sara Miller,sara@example.com,F,3/25/1995,8,38,5/4/2024 09:00
adam_smith,adampass,Adam Smith,adam@example.com,M,11/8/1982,12,58,5/5/2024 14:20
emily_davis,emilypass,Emily Davis,emily@example.com,F,6/30/1992,19,93,5/6/2024 08:15
chris_anderson,chrispass,Chris Anderson,chris@example.com,M,9/18/1987,5,23,5/7/2024 11:10
lisa_wilson,lisapass,Lisa Wilson,lisa@example.com,F,2/14/1998,11,53,5/8/2024 16:25
ryan_taylor,ryanpass,Ryan Taylor,ryan@example.com,M,7/5/1980,7,33,5/9/2024 13:20
olivia_thompson,oliviapass,Olivia Thompson,olivia@example.com,F,10/22/1993,14,68,5/10/2024 10:05
daniel_clark,danielpass,Daniel Clark,daniel@example.com,M,4/17/1975,3,13,5/11/2024 15:30
emma_white,emmapass,Emma White,emma@example.com,F,1/12/1989,17,83,5/12/2024 09:45
john_doe,johnpass,John Doe,john@example.com,M,3/18/1980,9,43,5/13/2024 14:40
amanda_brown,amandapass,Amanda Brown,amanda@example.com,F,9/8/1991,20,98,5/14/2024 12:55
michael_wilson,michaelpass,Michael Wilson,michael@example.com,M,6/25/1976,6,28,5/15/2024 11:20
sophia_jackson,sophiapass,Sophia Jackson,sophia@example.com,F,11/11/1984,2,8,5/16/2024 09:35
jacob_taylor,jacobpass,Jacob Taylor,jacob@example.com,M,4/5/1988,13,63,5/17/2024 08:00
olivia_martin,oliviapass,Olivia Martin,olivia@example.com,F,12/30/1997,15,73,5/18/2024 16:15
ethan_thompson,ethanpass,Ethan Thompson,ethan@example.com,M,10/15/1983,1,3,5/19/2024 15:30
ava_garcia,avapass,Ava Garcia,ava@example.com,F,7/20/1996,18,88,5/20/2024 14:45
william_martinez,williampass,William Martinez,william@example.com,M,2/9/1979,10,48,5/21/2024 13:00
mia_robinson,miapass,Mia Robinson,mia@example.com,F,5/4/1990,16,77,5/22/2024 12:15
chris_evans,chrispass,Chris Evans,chris@example.com,M,8/15/1982,5,24,5/23/2024 11:30
emily_clark,emilypass,Emily Clark,emily@example.com,F,3/10/1993,2,6,5/24/2024 10:45
david_hernandez,davidpass,David Hernandez,david@example.com,M,10/25/1975,19,93,5/25/2024 09:00
samantha_wood,samanthapass,Samantha Wood,samantha@example.com,F,5/20/1986,9,44,5/26/2024 08:15
matthew_morris,matthewpass,Matthew Morris,matthew@example.com,M,12/5/1995,12,57,5/27/2024 07:30
jessica_russell,jessicapass,Jessica Russell,jessica@example.com,F,9/30/1980,4,16,5/28/2024 06:45
ryan_bell,ryanpass,Ryan Bell,ryan@example.com,M,4/15/1991,14,67,5/29/2024 06:00
natalie_gomez,nataliepass,Natalie Gomez,natalie@example.com,F,11/10/1984,17,82,5/30/2024 05:15
justin_hill,justinpass,Justin Hill,justin@example.com,M,6/25/1977,3,14,5/31/2024 04:30
hannah_lee,hannahpass,Hannah Lee,hannah@example.com,F,1/10/1998,7,31,6/1/2024 03:45
daniel_wilson,danielpass,Daniel Wilson,daniel@example.com,M,7/20/1987,13,63,6/2/2024 11:30
olivia_martin,oliviapass,Olivia Martin,olivia@example.com,F,2/15/1990,8,29,6/3/2024 10:45
ethan_thompson,ethanpass,Ethan Thompson,ethan@example.com,M,9/10/1983,18,89,6/4/2024 09:00
amelia_walker,ameliapass,Amelia Walker,amelia@example.com,F,4/5/1996,20,99,6/5/2024 08:15
luke_harris,lukepass,Luke Harris,luke@example.com,M,11/30/1978,6,26,6/6/2024 07:30
zoey_carter,zoeypass,Zoey Carter,zoey@example.com,F,6/25/1991,11,54,6/7/2024 06:45
gabriel_jackson,gabrielpass,Gabriel Jackson,gabriel@example.com,M,1/20/1984,15,74,6/8/2024 06:00
lily_white,lilypass,Lily White,lily@example.com,F,8/15/1997,1,2,6/9/2024 05:15
mason_thomas,masonpass,Mason Thomas,mason@example.com,M,3/10/1989,10,49,6/10/2024 04:30
ava_rodriguez,avapass,Ava Rodriguez,ava@example.com,F,10/5/1982,5,22,6/11/2024 03:45
noah_garcia,noahpass,Noah Garcia,noah@example.com,M,5/20/1986,19,93,6/12/2024 03:00
emily_martinez,emilypass,Emily Martinez,emily@example.com,F,12/15/1993,12,59,6/13/2024 02:15
carter_robinson,carterpass,Carter Robinson,carter@example.com,M,7/10/1981,9,44,6/14/2024 01:30
mia_lee,miapass,Mia Lee,mia@example.com,F,2/5/1994,17,81,6/15/2024 00:45
owen_wright,owenpass,Owen Wright,owen@example.com,M,9/30/1985,14,67,6/16/2024 00:00
grace_nguyen,gracepass,Grace Nguyen,grace@example.com,F,4/25/1998,6,26,6/17/2024 23:15
logan_hall,loganpass,Logan Hall,logan@example.com,M,11/20/1980,20,97,6/18/2024 22:30
hannah_kim,hannahpass,Hannah Kim,hannah@example.com,F,6/15/1992,7,31,6/19/2024 21:45
oliver_scott,oliverpass,Oliver Scott,oliver@example.com,M,3/10/1988,16,76,6/20/2024 21:00
